{
  "timestamp": "20260615_194850",
  "strategy": "voting",
  "models": [
    "eegnet",
    "riemann"
  ],
  "single_model_results": {
    "eegnet": 0.75,
    "riemann": 0.7071428571428572
  },
  "ensemble_accuracy": 0.7285714285714285,
  "ensemble_kappa": 0.17314267951507611,
  "ensemble_training_time": 29.035787105560303,
  "ensemble_result": {
    "accuracy": 0.7285714285714285,
    "kappa": 0.17314267951507611,
    "predictions": [
      0,
      0,
      0,
      1,
      0,
      0,
      0,
      1,
      0,
      0,
      1,
      0,
      0,
      1,
      0,
      0,
      0,
      0,
      0,
      0,
      0,
      0,
      0,
      0,
      1,
      0,
      0,
      1,
      0,
      0,
      0,
      0,
      0,
      0,
      0,
      1,
      0,
      1,
      0,
      0,
      0,
      0,
      0,
      1,
      0,
      0,
      0,
      1,
      0,
      0,
      0,
      0,
      0,
      0,
      0,
      0,
      1,
      0,
      0,
      1,
      0,
      0,
      0,
      0,
      1,
      0,
      1,
      0,
      0,
      0,
      0,
      0,
      0,
      0,
      0,
      0,
      0,
      1,
      0,
      0,
      0,
      0,
      0,
      0,
      0,
      0,
      0,
      0,
      0,
      0,
      0,
      0,
      0,
      0,
      0,
      0,
      0,
      0,
      0,
      0,
      0,
      0,
      0,
      0,
      1,
      0,
      0,
      0,
      1,
      0,
      0,
      0,
      0,
      0,
      1,
      0,
      0,
      0,
      0,
      0,
      0,
      1,
      0,
      0,
      0,
      0,
      0,
      0,
      0,
      0,
      0,
      0,
      0,
      0,
      0,
      0,
      0,
      0,
      0,
      0
    ],
    "confidences": [
      0.5247858942923828,
      0.8168521196579723,
      0.8638315888400478,
      0.6895218071649243,
      0.8523466479749859,
      0.6709952896130884,
      0.8344405027597661,
      0.7740025801964272,
      0.8003620182829989,
      0.8517561252147205,
      0.7533440663760136,
      0.6275229061652587,
      0.5938429055209995,
      0.5409057526887677,
      0.6816824313834857,
      0.7193187419704374,
      0.783077963550214,
      0.8544900266179482,
      0.791331058274446,
      0.7554299328100686,
      0.7468665990292218,
      0.5146318171012386,
      0.5899136689808011,
      0.8568471786039833,
      0.5333176928085167,
      0.7142089772128535,
      0.8396186558440715,
      0.6020511401938928,
      0.805160449685923,
      0.5782534945390513,
      0.6989275566656764,
      0.6464169277911751,
      0.5746104765312221,
      0.849497894669536,
      0.5707795502596508,
      0.7120189684357077,
      0.7961444638537452,
      0.7175034336560435,
      0.7708188574099979,
      0.6408387559597017,
      0.5848701932090237,
      0.7323298786175539,
      0.8575145799114083,
      0.8156083104850287,
      0.7702255214927054,
      0.6417689486005345,
      0.7784629437377781,
      0.5161237304651642,
      0.8356872920827549,
      0.8103329143302831,
      0.8288761678681487,
      0.8640103783930018,
      0.6130722868898005,
      0.7775655798507033,
      0.5479393270092299,
      0.6460513287635201,
      0.5445238668247421,
      0.8311832854436987,
      0.8129083407557494,
      0.5397466113004342,
      0.6591753812918619,
      0.6201685735690463,
      0.8617923597708932,
      0.8469873883066907,
      0.5121429567032594,
      0.6442750747439734,
      0.5044838387405304,
      0.83547693689411,
      0.6213861632067053,
      0.5706324927977151,
      0.8084026787736549,
      0.5377335513274945,
      0.8637453768233252,
      0.8098689262358554,
      0.8045986198059016,
      0.778977963950324,
      0.8394450184062205,
      0.5749870234246673,
      0.5813318844367448,
      0.51445315068925,
      0.5505265745023888,
      0.8568330230022054,
      0.6808706855770338,
      0.8613720172073369,
      0.6886113472676257,
      0.6307166040289305,
      0.8255404782590334,
      0.8509606536587302,
      0.824562888434904,
      0.7944866406402673,
      0.8134896368989142,
      0.653638245443535,
      0.8115335080229866,
      0.8512748873932929,
      0.6024381591104742,
      0.861667386605669,
      0.8380597571718487,
      0.8219400585217833,
      0.8641469762985636,
      0.7079310940853525,
      0.6674833581469448,
      0.7609073504649784,
      0.7730239190024625,
      0.8589187755135272,
      0.763896378802204,
      0.5630829236003316,
      0.6784024660607667,
      0.7898644590888633,
      0.7649096630081841,
      0.7917965650221613,
      0.7538128687813358,
      0.5385198325273615,
      0.7413327282454294,
      0.599339875579016,
      0.5516544137142212,
      0.7948419415326792,
      0.596180101049562,
      0.7153624714487545,
      0.8643074507051318,
      0.708650108716065,
      0.5613590836756459,
      0.524497926503829,
      0.5333339441698822,
      0.8621529038013824,
      0.8237808336839108,
      0.7414610787723586,
      0.8468488412369115,
      0.6540239600810754,
      0.5859226540496851,
      0.7575683399815631,
      0.825735209971002,
      0.8482068641267053,
      0.8421668704220018,
      0.8111571063213721,
      0.7767111634221865,
      0.6872139725838649,
      0.6185846064307117,
      0.6873066858985334,
      0.81464164347034,
      0.7116468004035721
    ],
    "individual_scores": {
      "eegnet": 0.7785714285714286,
      "riemann": 0.7214285714285714
    },
    "ensemble_weights": null,
    "training_time": 29.035787105560303
  },
  "args": {
    "data_path": "./data/",
    "subjects": [
      1,
      2,
      3,
      4,
      5,
      6,
      7,
      8
    ],
    "runs": [
      4,
      5,
      6
    ],
    "test_size": 0.2,
    "n_classes": 2,
    "models": [
      "eegnet",
      "riemann"
    ],
    "eegnet_config": "{\"F1\": 8, \"D\": 2, \"kernel_length\": 64}",
    "csp_config": "{\"n_components\": 4}",
    "riemann_config": "{\"metric\": \"riemann\", \"classifier_type\": \"tangent\"}",
    "strategy": "voting",
    "voting_mode": "soft",
    "meta_learner": "logistic",
    "n_folds": 5,
    "n_bagging": 10,
    "bagging_ratio": 0.8,
    "gating_hidden_dim": 64,
    "epochs": 100,
    "batch_size": 64,
    "learning_rate": 0.001,
    "early_stopping": 15,
    "seed": 42,
    "output_dir": "outputs/week10_experiments/ensemble/voting_soft_tangent",
    "save_models": false,
    "verbose": false
  }
}