{
  "timestamp": "20260615_202346",
  "strategy": "weighted",
  "models": [
    "eegnet",
    "riemann"
  ],
  "single_model_results": {
    "eegnet": 0.8,
    "riemann": 0.7071428571428572
  },
  "ensemble_accuracy": 0.8,
  "ensemble_kappa": 0.47663551401869164,
  "ensemble_training_time": 13.52564787864685,
  "ensemble_result": {
    "accuracy": 0.8,
    "kappa": 0.47663551401869164,
    "predictions": [
      1,
      0,
      0,
      1,
      0,
      0,
      0,
      1,
      0,
      0,
      1,
      1,
      1,
      1,
      0,
      0,
      0,
      0,
      0,
      0,
      0,
      0,
      1,
      0,
      1,
      0,
      0,
      1,
      0,
      1,
      0,
      0,
      1,
      0,
      1,
      1,
      0,
      1,
      0,
      0,
      1,
      0,
      0,
      1,
      0,
      0,
      0,
      1,
      0,
      0,
      0,
      0,
      0,
      0,
      1,
      0,
      1,
      0,
      0,
      0,
      0,
      1,
      0,
      0,
      1,
      0,
      0,
      0,
      1,
      1,
      0,
      0,
      0,
      0,
      0,
      0,
      0,
      1,
      1,
      1,
      0,
      0,
      0,
      0,
      0,
      0,
      0,
      0,
      0,
      0,
      0,
      0,
      1,
      0,
      0,
      0,
      0,
      0,
      0,
      0,
      0,
      0,
      0,
      0,
      1,
      0,
      0,
      0,
      1,
      0,
      0,
      0,
      0,
      0,
      1,
      0,
      0,
      0,
      0,
      0,
      1,
      1,
      1,
      0,
      0,
      0,
      0,
      1,
      0,
      0,
      0,
      0,
      0,
      0,
      0,
      0,
      0,
      0,
      0,
      0
    ],
    "confidences": [
      0.5127723737801415,
      0.7831204369363941,
      0.8131818535816367,
      0.705419141183107,
      0.8098626643067295,
      0.5846367403226986,
      0.799639115968251,
      0.6812756468690109,
      0.7747675276269472,
      0.8054489718055131,
      0.7449405849841155,
      0.5091984523397167,
      0.5251858287908366,
      0.6325673733652492,
      0.5555928169020096,
      0.5396871213388175,
      0.7283307293230801,
      0.807396682156387,
      0.7686476776294475,
      0.7461329092312158,
      0.7371043381831788,
      0.5725541541027441,
      0.5330992731464583,
      0.8088618597472467,
      0.5071454910747552,
      0.7208678312679109,
      0.7981960145365273,
      0.6510487131408984,
      0.7853173175701313,
      0.5137188988837045,
      0.5236681343159018,
      0.5633251477297768,
      0.5422248848157742,
      0.804038479531382,
      0.539865151905556,
      0.7197283789707097,
      0.7703407118881975,
      0.7451900523445735,
      0.7882802697435445,
      0.8075270632540208,
      0.5357083398793296,
      0.6369824833051547,
      0.8092671103449084,
      0.7725284170783329,
      0.5043905135631168,
      0.6746727380119966,
      0.7603792850246194,
      0.5338084383495101,
      0.7821378974006348,
      0.5727370827211015,
      0.7912984644889662,
      0.8132847231965297,
      0.6123039570269908,
      0.7598327869947085,
      0.5613181552121597,
      0.7339036892652075,
      0.5985898551936544,
      0.7930350579555867,
      0.775025677081462,
      0.5619827559435139,
      0.6061447958829013,
      0.5138194240323467,
      0.8119071322972453,
      0.8028728317699089,
      0.6429364300455757,
      0.6769740196908627,
      0.5935485620562051,
      0.8082377574887896,
      0.5173512008627563,
      0.5439010793735393,
      0.7668258226162421,
      0.6832548924783416,
      0.8133036885526417,
      0.7798101736573175,
      0.7765450444142333,
      0.7592653003855712,
      0.7981031718460084,
      0.6344377252633167,
      0.5208687520629103,
      0.578522780193444,
      0.6193943434067466,
      0.8024886108059421,
      0.6998266659936971,
      0.8116606781649793,
      0.704804529525604,
      0.6407328297686832,
      0.7960590317767473,
      0.8050803710977588,
      0.7896864651962083,
      0.765225895088367,
      0.7406253037453232,
      0.6670733350523698,
      0.5054260871031312,
      0.8049124362219782,
      0.6515683750073764,
      0.8117675108304938,
      0.7957967180525622,
      0.7869742366318079,
      0.813376868736353,
      0.7167068230736711,
      0.691722717086972,
      0.7662232113762026,
      0.7606666499958703,
      0.8101444318084787,
      0.675056567068437,
      0.6271578600142148,
      0.6975843328168333,
      0.7674277332737435,
      0.7384270469352234,
      0.7686265070820391,
      0.7451335345398619,
      0.6521782288428196,
      0.7313746330688261,
      0.649641409870684,
      0.6178474150299202,
      0.7708763640296546,
      0.6660403257014913,
      0.7213501375385528,
      0.8134527690203784,
      0.7171883199142035,
      0.5502105262778768,
      0.5430212261453793,
      0.5664455695815438,
      0.8120979259616898,
      0.78580444647681,
      0.6186499208815297,
      0.8028862081434305,
      0.5177293227926452,
      0.6411691727387054,
      0.7768077741090998,
      0.7896265490678473,
      0.8025222648693531,
      0.7996946955550597,
      0.7823167761409012,
      0.7626386924395107,
      0.7033672511153614,
      0.7081397152249008,
      0.6830394823164656,
      0.7832544693446557,
      0.8086616352502792
    ],
    "individual_scores": {},
    "ensemble_weights": {
      "eegnet": 0.6907379255360032,
      "riemann": 0.3092620744639968
    },
    "training_time": 13.52564787864685
  },
  "args": {
    "data_path": "./data/",
    "subjects": [
      1,
      2,
      3,
      4,
      5,
      6,
      7,
      8
    ],
    "runs": [
      4,
      5,
      6
    ],
    "test_size": 0.2,
    "n_classes": 2,
    "models": [
      "eegnet",
      "riemann"
    ],
    "eegnet_config": "{\"F1\": 8, \"D\": 2, \"kernel_length\": 64}",
    "csp_config": "{\"n_components\": 4}",
    "riemann_config": "{\"metric\": \"riemann\", \"classifier_type\": \"tangent\"}",
    "strategy": "weighted",
    "voting_mode": "soft",
    "meta_learner": "logistic",
    "n_folds": 5,
    "n_bagging": 10,
    "bagging_ratio": 0.8,
    "gating_hidden_dim": 64,
    "epochs": 100,
    "batch_size": 64,
    "learning_rate": 0.001,
    "early_stopping": 15,
    "seed": 42,
    "output_dir": "outputs/week10_experiments/ensemble/weighted",
    "save_models": false,
    "verbose": false
  }
}