{
  "timestamp": "20260615_194122",
  "strategy": "voting",
  "models": [
    "eegnet",
    "riemann"
  ],
  "single_model_results": {
    "eegnet": 0.7714285714285715,
    "riemann": 0.6
  },
  "ensemble_accuracy": 0.7928571428571428,
  "ensemble_kappa": 0.47190426638917793,
  "ensemble_training_time": 7.820927858352661,
  "ensemble_result": {
    "accuracy": 0.7928571428571428,
    "kappa": 0.47190426638917793,
    "predictions": [
      1,
      0,
      0,
      1,
      0,
      1,
      1,
      1,
      0,
      0,
      1,
      1,
      1,
      1,
      1,
      0,
      0,
      0,
      0,
      0,
      0,
      0,
      1,
      0,
      1,
      0,
      0,
      1,
      0,
      0,
      0,
      0,
      1,
      0,
      1,
      1,
      0,
      1,
      1,
      1,
      1,
      0,
      0,
      1,
      0,
      0,
      0,
      1,
      0,
      0,
      0,
      0,
      0,
      0,
      1,
      0,
      1,
      0,
      0,
      0,
      0,
      1,
      0,
      0,
      1,
      0,
      0,
      0,
      1,
      1,
      0,
      0,
      0,
      0,
      0,
      0,
      0,
      1,
      1,
      1,
      0,
      0,
      0,
      0,
      0,
      0,
      0,
      0,
      0,
      0,
      0,
      0,
      0,
      0,
      0,
      0,
      0,
      0,
      0,
      0,
      0,
      0,
      0,
      0,
      1,
      0,
      0,
      0,
      1,
      0,
      0,
      1,
      0,
      0,
      1,
      0,
      1,
      0,
      0,
      0,
      1,
      0,
      1,
      0,
      0,
      0,
      0,
      0,
      0,
      0,
      0,
      0,
      0,
      0,
      0,
      0,
      0,
      0,
      0,
      0
    ],
    "confidences": [
      0.5510654978660893,
      0.6045737447349357,
      0.6338914432549294,
      0.6432733280598137,
      0.6068394504256066,
      0.5237273051610799,
      0.5827552588874436,
      0.5698462086987011,
      0.6206631148368817,
      0.6296425515419924,
      0.5818117973121297,
      0.6168048914064601,
      0.6138678742893915,
      0.6158816537356995,
      0.5749972119525051,
      0.6170988957634794,
      0.5960245763201746,
      0.597324073450358,
      0.6235045307688736,
      0.6412485035053769,
      0.6246440092484165,
      0.5514989163537153,
      0.599894572208484,
      0.6126152931687964,
      0.5980452030590673,
      0.6099769243793277,
      0.6060876888033826,
      0.616619660820761,
      0.5876017367228219,
      0.5313681479385923,
      0.5440654516419781,
      0.5380193687813881,
      0.619882356756031,
      0.6132550726590038,
      0.6129757892336245,
      0.6059583226116788,
      0.6373055142128328,
      0.5593455891670855,
      0.5639116206590109,
      0.5802082271616819,
      0.6269844946565108,
      0.6238817863933541,
      0.635026790875954,
      0.5939630913881512,
      0.6208324841577183,
      0.615089280732159,
      0.619474974984991,
      0.517903331518397,
      0.6165413894400763,
      0.5910708419868598,
      0.6259418781060511,
      0.63812519981609,
      0.5275490262425157,
      0.6211700900096337,
      0.600204117961457,
      0.5852112057575575,
      0.5584985543968948,
      0.6150167939511272,
      0.6012574880866883,
      0.6073737777596344,
      0.5727707393632431,
      0.6084563129882293,
      0.6185719999605866,
      0.6329686972747872,
      0.5368888206411058,
      0.6039053841443945,
      0.5979112686949061,
      0.6009285675857728,
      0.6042399204934537,
      0.6347841715600631,
      0.591311929113792,
      0.589901921306581,
      0.6356130836104132,
      0.6119480014987764,
      0.6316430451877121,
      0.6245445742971969,
      0.6212501238837527,
      0.6218346750871925,
      0.6089420668135577,
      0.6078213902592808,
      0.6195777868125572,
      0.6139844344744265,
      0.6115050330522078,
      0.6354250814667313,
      0.6136735878809618,
      0.6002323877792248,
      0.620407733129408,
      0.6114676743481577,
      0.6070950112044576,
      0.593196173008826,
      0.581290892737458,
      0.6183905267350938,
      0.5818188957362959,
      0.6235729891943347,
      0.6111453869410256,
      0.633498011253461,
      0.6296750398469769,
      0.6237580608267965,
      0.6392238060682764,
      0.6031170695391757,
      0.6133253009600578,
      0.5991579571185097,
      0.6115441691533795,
      0.6149891413666134,
      0.6084520443153205,
      0.6137117484383758,
      0.6222588057585409,
      0.6134877289334517,
      0.6080111949208389,
      0.6009751568719297,
      0.6237742151884357,
      0.5869132214067303,
      0.5963178665145938,
      0.6064763703195426,
      0.6297658456020242,
      0.6077409674537686,
      0.5227674470398201,
      0.6023412360720403,
      0.6327076907318367,
      0.6255467582317767,
      0.6322564140033191,
      0.564638836382451,
      0.6161968497256636,
      0.6425147900454835,
      0.6079882398879957,
      0.5119137293107272,
      0.610754903966754,
      0.5169431119696879,
      0.6144321994161703,
      0.583963613827921,
      0.6352656044625731,
      0.6036980607576139,
      0.6049173099281222,
      0.6340038400689223,
      0.5093771089320478,
      0.6244213649762875,
      0.5500746557125523,
      0.6359908382920509,
      0.6267184173537275,
      0.5857426354035133
    ],
    "individual_scores": {
      "eegnet": 0.7857142857142857,
      "riemann": 0.55
    },
    "ensemble_weights": null,
    "training_time": 7.820927858352661
  },
  "args": {
    "data_path": "./data/",
    "subjects": [
      1,
      2,
      3,
      4,
      5,
      6,
      7,
      8
    ],
    "runs": [
      4,
      5,
      6
    ],
    "test_size": 0.2,
    "n_classes": 2,
    "models": [
      "eegnet",
      "riemann"
    ],
    "eegnet_config": "{\"F1\": 8, \"D\": 2, \"kernel_length\": 64}",
    "csp_config": "{\"n_components\": 4}",
    "riemann_config": "{\"metric\": \"riemann\"}",
    "strategy": "voting",
    "voting_mode": "soft",
    "meta_learner": "logistic",
    "n_folds": 5,
    "n_bagging": 10,
    "bagging_ratio": 0.8,
    "gating_hidden_dim": 64,
    "epochs": 100,
    "batch_size": 64,
    "learning_rate": 0.001,
    "early_stopping": 15,
    "seed": 42,
    "output_dir": "outputs/week10_experiments/ensemble/voting_soft",
    "save_models": false,
    "verbose": false
  }
}