{
  "timestamp": "20260615_200046",
  "strategy": "stacking",
  "models": [
    "eegnet",
    "riemann"
  ],
  "single_model_results": {
    "eegnet": 0.7785714285714286,
    "riemann": 0.7071428571428572
  },
  "ensemble_accuracy": 0.8214285714285714,
  "ensemble_kappa": 0.5367919534145049,
  "ensemble_training_time": 128.6274230480194,
  "ensemble_result": {
    "accuracy": 0.8214285714285714,
    "kappa": 0.5367919534145049,
    "predictions": [
      1,
      0,
      0,
      1,
      0,
      1,
      0,
      1,
      0,
      0,
      1,
      1,
      1,
      1,
      1,
      0,
      0,
      0,
      0,
      0,
      0,
      0,
      1,
      0,
      1,
      0,
      0,
      1,
      0,
      0,
      1,
      1,
      1,
      0,
      1,
      1,
      0,
      1,
      0,
      0,
      1,
      0,
      0,
      1,
      0,
      0,
      0,
      1,
      0,
      0,
      0,
      0,
      0,
      0,
      0,
      0,
      1,
      0,
      0,
      0,
      0,
      1,
      0,
      0,
      0,
      0,
      0,
      0,
      1,
      1,
      0,
      0,
      0,
      0,
      0,
      0,
      0,
      1,
      1,
      1,
      0,
      0,
      0,
      0,
      0,
      0,
      0,
      0,
      0,
      0,
      0,
      0,
      0,
      0,
      0,
      0,
      0,
      0,
      0,
      0,
      0,
      0,
      0,
      0,
      1,
      0,
      0,
      0,
      1,
      0,
      0,
      1,
      0,
      0,
      1,
      0,
      1,
      0,
      0,
      0,
      1,
      0,
      1,
      0,
      0,
      0,
      0,
      0,
      0,
      0,
      0,
      0,
      0,
      0,
      0,
      0,
      0,
      0,
      0,
      1
    ],
    "confidences": [
      0.74985609905944,
      0.9072108000051435,
      0.9138393343322546,
      0.8748506306682432,
      0.9084305352298466,
      0.659357320251752,
      0.8777674507010755,
      0.8439915132088868,
      0.8880024065742002,
      0.9117680372854645,
      0.8585498327028199,
      0.715592202886091,
      0.7718021769768044,
      0.833899293740028,
      0.6332190728532091,
      0.7220194672409722,
      0.8872829636796092,
      0.9093522720457226,
      0.8964382118476389,
      0.892495684482318,
      0.8867264081558257,
      0.7781064255893111,
      0.7591843863940531,
      0.8943862825436658,
      0.8014006290226944,
      0.8923833177060871,
      0.9049171901206562,
      0.7824890902756048,
      0.8826847163316189,
      0.6729856165104128,
      0.5201071560109192,
      0.6346490871724504,
      0.75571933478652,
      0.9082600132858629,
      0.6390296235800117,
      0.8522512695349292,
      0.8944720755143349,
      0.8514020460472823,
      0.5062382150263172,
      0.6389605308915687,
      0.7301251846085248,
      0.8781999322973151,
      0.9121439153736346,
      0.8988530762476535,
      0.885116735252869,
      0.7944994630089637,
      0.9081009317480243,
      0.7676994965222927,
      0.9094196147326853,
      0.8854217879381422,
      0.900790056207738,
      0.9147287994001904,
      0.6981200673330871,
      0.9020948802925752,
      0.7851534591088943,
      0.8123607432622584,
      0.7846465206449669,
      0.9109528400202395,
      0.9020873831552477,
      0.8258342920253979,
      0.597284656870517,
      0.7289024113160488,
      0.9099310260582469,
      0.9101433015469533,
      0.5719560603146517,
      0.865862290311244,
      0.7923765442511372,
      0.7524870217854165,
      0.7259517933885089,
      0.8185665492700391,
      0.8964957609921435,
      0.8375647576562325,
      0.9115144143136695,
      0.9087074487599446,
      0.8821616477004518,
      0.8871539827390101,
      0.9048654057952756,
      0.8224888497156748,
      0.7536966644374821,
      0.7883554870003975,
      0.8003415630303751,
      0.908962469321312,
      0.8800130052648023,
      0.9147612743278424,
      0.8487138323832997,
      0.851405688283775,
      0.895100635581128,
      0.9062366004060615,
      0.8985642717039547,
      0.8873319300263688,
      0.8809308532553259,
      0.8250816700635832,
      0.8354350544076083,
      0.909637462362365,
      0.8660815290970784,
      0.913854099412567,
      0.9063318843950495,
      0.9061072472533636,
      0.9142932130265008,
      0.8742616120637245,
      0.9009594170690928,
      0.8917950014015994,
      0.874944551180349,
      0.9146544138151123,
      0.8554771707969153,
      0.7774115382530369,
      0.7570231183434636,
      0.8945947325228916,
      0.8480185957807517,
      0.9009174500607852,
      0.8648300586894324,
      0.7538121814145217,
      0.8750242665360927,
      0.8609050048562223,
      0.8097960120217942,
      0.9055532786087095,
      0.5244747844127724,
      0.9032530977798423,
      0.9147550545944939,
      0.8723794087676557,
      0.7869197457333045,
      0.7809004360122598,
      0.7765594631206145,
      0.9145825621985131,
      0.8962482969026521,
      0.8661098533411546,
      0.9104031398076718,
      0.778133944495896,
      0.8747247835937871,
      0.8679747331020947,
      0.9004078116379943,
      0.91201334685981,
      0.901647884056204,
      0.9050231372082771,
      0.8947369724100369,
      0.8583962100903957,
      0.8288429631788349,
      0.8655239150080491,
      0.9043254473061998,
      0.643503827285906
    ],
    "individual_scores": {},
    "ensemble_weights": null,
    "training_time": 128.6274230480194
  },
  "args": {
    "data_path": "./data/",
    "subjects": [
      1,
      2,
      3,
      4,
      5,
      6,
      7,
      8
    ],
    "runs": [
      4,
      5,
      6
    ],
    "test_size": 0.2,
    "n_classes": 2,
    "models": [
      "eegnet",
      "riemann"
    ],
    "eegnet_config": "{\"F1\": 8, \"D\": 2, \"kernel_length\": 64}",
    "csp_config": "{\"n_components\": 4}",
    "riemann_config": "{\"metric\": \"riemann\", \"classifier_type\": \"tangent\"}",
    "strategy": "stacking",
    "voting_mode": "soft",
    "meta_learner": "logistic",
    "n_folds": 5,
    "n_bagging": 10,
    "bagging_ratio": 0.8,
    "gating_hidden_dim": 64,
    "epochs": 100,
    "batch_size": 64,
    "learning_rate": 0.001,
    "early_stopping": 15,
    "seed": 42,
    "output_dir": "outputs/week10_experiments/ensemble/stacking_tangent",
    "save_models": false,
    "verbose": false
  }
}